{
  "view/View1.view.xml": 1710842273884,
  "controller/View1.controller.js": 1710842273600,
  "model/models.js": 1710842273484,
  "controller/App.controller.js": 1710842273600,
  "manifest.json": 1710842432626,
  "Component.js": 1710842273468,
  "Component-dbg.js": 1710842273468,
  "Component.js.map": 1710842433012,
  "model/models-dbg.js": 1710842273484,
  "model/models.js.map": 1710842433006,
  "controller/App-dbg.controller.js": 1710842273600,
  "controller/App.controller.js.map": 1710842433007,
  "controller/View1-dbg.controller.js": 1710842273600,
  "controller/View1.controller.js.map": 1710842432999,
  "Component-preload.js": 1710842433487,
  "Component-preload.js.map": 1710842433487,
  "i18n/i18n.properties": 1710842311548,
  "view/App.view.xml": 1710842273608,
  "css/style.css": 1710842273604,
  "index.html": 1710842273468
}