{
    "Studentdeatails": [
        {
            "Attendence": "78%",
            "preport": "8.2",
            "mid": "442",
            "feedue": "₹66500.00",
            "PinNumber": "123",
            "Name": "Teja",
            "Date of Birth": "01-04-2001",
            "Age": "22",
            "Branch": " Mechanical",
            "Year": "4th year",
            "Job": "VERNASOFT Company",
            "Number": "9550840453",
            "Alternative Mobile Number": "6281245810",
            "Email ID": "tejabhutesh@gmail.com",
            "Address": "NKP,MADAKASIRA,INDIA",
            "image": "https://replicate.delivery/pbxt/Aebz7C625lWcFCuYjqiIARN8CYO538qubVl9ek4dNO04yQfgA/out..jpg"
        },
        {
            "Attendence": "67%",
            "preport": "7.2",
            "mid": "442",
            "feedue": "₹6500.00",
            "PinNumber": "19at5a0307",
            "Name": "Ramesh",
            "Date of Birth": "07-07-2001",
            "Age": "26",
            "Branch": " Mechanical",
            "Year": "4th year",
            "Job": "WIPRO,INFOSYS Companys",
            "Number": "9848913818",
            "Alternative Mobile Number": "8309865059",
            "Email ID": "19at5a0307@gpcet.ac.in",
            "Address": "Kallukunta,Adhoni,INDIA",
            "image": "https://replicate.delivery/pbxt/0WO3eIxMHISBe0GjsWFqHf8cdYleuPxZjmi9mbBgprtejIEEC/out..jpg"
        },
        {
            "Attendence": "83%",
            "preport": "8.8",
            "mid": "442",
            "feedue": "₹66500.00",
            "PinNumber": "19at5a0308",
            "Name": "Sandeep",
            "Date of Birth": "01-04-2001",
            "Age": "21",
            "Branch": " Mechanical",
            "Year": "4th year",
            "Job": "BUSINESS",
            "Number": "9493920813",
            "Alternative Mobile Number": "9493920813",
            "Email ID": "19at5a0308@gpcet.ac.in",
            "Address": "Penchikalapadu,Kurnool,INDIA",
            "image": "https://replicate.delivery/pbxt/m70pKJUmQCZtE1pNd2s2x7DIoyBHjUV8fMefz85CgvmpUCBhA/out..jpg"
        },
        {
            "Attendence": "56%",
            "preport": "9.2",
            "mid": "442",
            "feedue": "₹30500.00",
            "PinNumber": "19at5a0312",
            "Name": "Suresh",
            "Date of Birth": "21-06-1999",
            "Age": "21",
            "Branch": " Mechanical",
            "Year": "4th year",
            "Job": "WIPRO Company",
            "Number": "9493920813",
            "Alternative Mobile Number": "9493920813",
            "Email ID": "19at5a0308@gpcet.ac.in",
            "Address": "Penchikalapadu,Kurnool,INDIA",
            "image": "https://replicate.delivery/pbxt/4biMpTj8oybDLVf50SQ3fVblOEgV7v4va7BVOkin1Z9l9ggQA/out..jpg"
        },
        {
            "Attendence": "80%",
            "preport": "9.0",
            "mid": "442",
            "feedue": "₹6500.00",
            "PinNumber": "19at5a0310",
            "Name": "Sunil",
            "Date of Birth": "11-03-2001",
            "Age": "21",
            "Branch": " Mechanical",
            "Year": "4th year",
            "Job": "INFOSYS Company",
            "Number": "9346273737",
            "Alternative Mobile Number": "9346273737",
            "Email ID": "19at5a0310@gpcet.ac.in",
            "Address": "Nandhikotkuur,Kurnool,INDIA",
            "image": "https://replicate.delivery/pbxt/IPfXLjnghuRiMaoGFALfWfdnVSfSRkGtoCL7QVo3uTCJxaCCB/out..jpg"
        },
        {
            "Attendence": "98%",
            "preport": "7.6",
            "mid": "442",
            "feedue": "₹66500.00",
            "PinNumber": "19at5a0319",
            "Name": "Sai",
            "Date of Birth": "01-03-1998",
            "Age": "23",
            "Branch": " Mechanical",
            "Year": "4th year",
            "Job": "KIA Company",
            "Number": "8688859166",
            "Alternative Mobile Number": "9959553080",
            "Email ID": "19at5a0319@gpcet.ac.in",
            "Address": "SRISAILAM,INDIA",
            "image": "https://replicate.delivery/pbxt/wCYBUhq1JtINP12R6lV09VMyQXKam7YPSPjROk8QsXPzONIE/out..jpg"
        },
        {
            "Attendence": "77%",
            "preport": "6.8",
            "mid": "432",
            "feedue": "₹6500.00",
            "PinNumber": "19at5a0302",
            "Name": "Koti",
            "Date of Birth": "21-05-1997",
            "Age": "25",
            "Branch": " Mechanical",
            "Year": "4th year",
            "Job": "WIPRO,INFOSYS Companys",
            "Number": "9398013755",
            "Alternative Mobile Number": "9573203862",
            "Email ID": "19at5a0302@gpcet.ac.in",
            "Address": "Athmakur,INDIA",
            "image": "https://replicate.delivery/pbxt/oICZY9mDaRZfICQBRkmQoJft5SDuuren889w6WJiB5qm0BBhA/out..jpeg"
        },
        {
            "Attendence": "86.5%",
            "preport": "7.0",
            "mid": "401",
            "feedue": "₹30500.00",
            "PinNumber": "18at1a0335",
            "Name": "Suresh",
            "Date of Birth": "12-05-2001",
            "Age": "21",
            "Branch": " Mechanical",
            "Year": "4th year",
            "Job": "WIPRO,INFOSYS Companys",
            "Number": "9505813217",
            "Alternative Mobile Number": "9505813217",
            "Email ID": "19at5a0302@gpcet.ac.in",
            "Address": "Kurnool,INDIA",
            "image": "https://replicate.delivery/pbxt/Acd3L4CG8wq0H1Hszc89auIfr9m4VSeWWSpXfeqH09SS9TDCB/out..jpg"
        }
    ]
}